INSERT INTO Users (UserID, Username, Email, Phone, Address) VALUES
('u124', 'johndoe', 'johndoe@email.com', '123-456-7890', '123 Main St, Anytown USA'),
('u122', 'janesmith', 'janesmith@email.com', '555-123-4567', '456 Elm St, Anytown USA'),
('u111', 'awesomebiker', 'awesomebiker@email.com', '987-654-3210', '789 Oak St, Anytown USA'),
('u125', 'alicejones', 'alicejones@email.com', '415-123-4567', '789 Pine St, Anytown USA'),
('u126', 'bobbrown', 'bobbrown@email.com', '619-987-6543', '123 Maple Ave, Springfield USA'),
('u127', 'emilygreen', 'emilygreen@email.com', '212-555-7890', '456 Oak St, Rivertown USA'),
('u128', 'davidwhite', 'davidwhite@email.com', '713-333-4444', '789 Pine St, Lakeside USA'),
('u129', 'sarahblack', 'sarahblack@email.com', '917-888-7777', '101 Elm St, Hilltop USA'),
('u130', 'samualpark', 'samualpark@email.com', '305-666-1234', '222 Cedar St, Meadowville USA'),
('u131', 'esterchang', 'esterchang@email.com', '206-999-5555', '333 Birch Ave, Brookside USA'),
('u132', 'emilyjohnson', 'emily.j@email.com', '312-777-8888', '444 Walnut St, Mountainview USA'),
('u133', 'ethanfds', 'ethanfds@example.com', '404-321-8765', '555 Cherry St, Oceanview USA'),
('u134', 'harper', 'harper@example.com', '503-555-4321', '666 Willow Ave, Greentown USA'),
('u135', 'oliver', 'oliver@example.com', '818-222-3333', '777 Sycamore St, Fairview USA'),
('u136', 'evelyn', 'evelyn@example.com', '415-777-8888', '888 Magnolia Ave, Valleytown USA'),
('u137', 'mason', 'mason@example.com', '212-333-4444', '999 Cedar St, Sunset USA'),
('u138', 'amelia', 'amelia@example.com', '713-555-6666', '111 Maple Ave, Hillcrest USA'),
('u139', 'elijah', 'elijah@example.com', '619-444-3333', '222 Elm St, Riverside USA'),
('u140', 'charlotte', 'charlotte@example.com', '305-888-9999', '333 Oak St, Parkview USA'),
('u141', 'logan', 'logan@example.com', '206-777-8888', '444 Pine St, Lakeview USA'),
('u142', 'desakira', 'desakira@example.com', '312-555-6666', '555 Birch Ave, Orchard USA'),
('u143', 'ahara', 'ahara@example.com', '404-999-8888', '666 Cedar St, Springtown USA'),
('u144', 'mokiry', 'mokiry@example.com', '503-777-6666', '777 Maple Ave, Meadowview USA'),
('u145', 'asophia', 'asophia@example.com', '111-222-3333', '888 Elm St, Hillside USA');

INSERT INTO Bike (BikeID, Model, Years, Conditions, Availability, PhotoURL) VALUES
('b123', 'BMX', 2019, 'good', 'Available', 'no'),
('b122', 'BMW', 2022, 'bad', 'Available', 'no'),
('b111', 'BZ', 2017, 'bad', 'Unavailable', 'no'),
('b124', 'Trek', 2020, 'good', 'Available', 'no'),
('b125', 'Model', 2021, 'excellent', 'Available', 'no'),
('b126', 'BMX', 2017, 'fair', 'Available', 'no'),
('b127', 'BMW', 2019, 'good', 'Unavailable', 'no'),
('b128', 'BZ', 2018, 'excellent', 'Available', 'no'),
('b129', 'Trek', 2020, 'good', 'Available', 'no'),
('b130', 'Giant', 2022, 'bad', 'Available', 'no'),
('b131', 'Scott', 2016, 'good', 'Unavailable', 'no'),
('b132', 'Fuji', 2023, 'excellent', 'Available', 'no'),
('b133', 'Cannondale', 2018, 'fair', 'Available', 'no'),
('b134', 'Specialized', 2020, 'good', 'Available', 'no'),
('b135', 'Raleigh', 2016, 'excellent', 'Unavailable', 'no'),
('b136', 'Bianchi', 2021, 'bad', 'Available', 'no'),
('b137', 'Schwinn', 2017, 'good', 'Available', 'no'),
('b138', 'Orbea', 2023, 'good', 'Available', 'no'),
('b139', 'Canyon', 2019, 'excellent', 'Unavailable', 'no'),
('b140', 'Merida', 2018, 'fair', 'Available', 'no'),
('b141', 'Pinarello', 2022, 'good', 'Available', 'no'),
('b142', 'Santa Cruz', 2017, 'excellent', 'Available', 'no'),
('b143', 'Yeti', 2020, 'bad', 'Unavailable', 'no'),
('b144', 'Focus', 2019, 'bad', 'Available', 'no');


INSERT INTO Partner (PartnerID, Username, ContactEmail, ContactPhone, StreetAddress, PartnerName, Province, District, Postalcode)
VALUES 
('p123', 'speedyrentals', 'speedyrentals@gmail.com', '456-789-0123', 'st1972', 'Bikey1', 'Siemreap', 'District1', '1630'),
('p124', 'quickride', 'quickride@gmail.com', '123-456-7890', 'st1973', 'Bikey2', 'Siemreap', 'District2', '1631'),
('p125', 'turbodydrive', 'turbodydrive@gmail.com', '987-654-3210', 'st1974', 'Bikey3', 'Siemreap', 'District3', '1632'),
('p126', 'zoomrentals', 'zoomrentals@gmail.com', '654-321-0987', 'st1975', 'Bikey4', 'Siemreap', 'District4', '1633'),
('p127', 'velocityhire', 'velocityhire@gmail.com', '321-098-7654', 'st1976', 'Bikey5', 'Siemreap', 'District5', '1634'),
('p128', 'rapidlease', 'rapidlease@gmail.com', '789-456-1230', 'st1977', 'Bikey6', 'Siemreap', 'District6', '1635'),
('p129', 'swiftrides', 'swiftrides@gmail.com', '456-789-0123', 'st1978', 'Bikey7', 'Siemreap', 'District7', '1636'),
('p130', 'expressrentals', 'expressrentals@gmail.com', '789-012-3456', 'st1979', 'Bikey8', 'Siemreap', 'District8', '1637'),
('p131', 'fasttrackauto', 'fasttrackauto@gmail.com', '147-258-3690', 'st1980', 'Bikey9', 'Siemreap', 'District9', '1638'),
('p132', 'rapidwheels', 'rapidwheels@gmail.com', '258-369-1470', 'st1981', 'Bikey10', 'Siemreap', 'District10', '1639'),
('p133', 'swiftwheels', 'swiftwheels@gmail.com', '369-147-2580', 'st1982', 'Bikey11', 'Siemreap', 'District11', '1640'),
('p134', 'velocitycars', 'velocitycars@gmail.com', '963-852-7410', 'st1983', 'Bikey12', 'Siemreap', 'District12', '1641'),
('p135', 'quickhire', 'quickhire@gmail.com', '852-741-9630', 'st1984', 'Bikey13', 'Siemreap', 'District13', '1642'),
('p136', 'zoomwheels', 'zoomwheels@gmail.com', '741-963-8520', 'st1985', 'Bikey14', 'Siemreap', 'District14', '1643'),
('p137', 'speedylease', 'speedylease@gmail.com', '159-357-2460', 'st1986', 'Bikey15', 'Siemreap', 'District15', '1644'),
('p138', 'rapidride', 'rapidride@gmail.com', '357-246-1590', 'st1987', 'Bikey16', 'Siemreap', 'District16', '1645'),
('p139', 'quickdrive', 'quickdrive@gmail.com', '246-159-3570', 'st1988', 'Bikey17', 'Siemreap', 'District17', '1646'),
('p140', 'turbohire', 'turbohire@gmail.com', '123-123-1230', 'st1989', 'Bikey18', 'Siemreap', 'District18', '1647'),
('p141', 'swiftdrive', 'swiftdrive@gmail.com', '456-456-4560', 'st1990', 'Bikey19', 'Siemreap', 'District19', '1648'),
('p142', 'expresswheels', 'expresswheels@gmail.com', '789-789-7890', 'st1991', 'Bikey20', 'Siemreap', 'District20', '1649'),
('p143', 'speedywheels', 'speedywheels@gmail.com', '000-111-2220', 'st1992', 'Bikey21', 'Siemreap', 'District21', '1650'),
('p144', 'quicklease', 'quicklease@gmail.com', '333-444-5550', 'st1993', 'Bikey22', 'Siemreap', 'District22', '1651'),
('p145', 'rapiddrive', 'rapiddrive@gmail.com', '666-777-8880', 'st1994', 'Bikey23', 'Siemreap', 'District23', '1652'),
('p146', 'velocityrentals', 'velocityrentals@gmail.com', '999-888-7770', 'st1995', 'Bikey24', 'Siemreap', 'District24', '1653'),
('p147', 'turboride', 'turboride@gmail.com', '222-555-8880', 'st1996', 'Bikey25', 'Siemreap', 'District25', '1654');

INSERT INTO AuthenticationForUser (AuthID, UserID, PasswordHash, Salt)
VALUES 
('A001', 'u124', '[hashed value]', '5a8d78'),
('A002', 'u122', '[hashed value]', '6f457d'),
('A003', 'u111', '[hashed value]', 'd36e29'),
('A004', 'u125', '[hashed value]', 'a9bc42'),
('A005', 'u126', '[hashed value]', 'f3dc88'),
('A006', 'u127', '[hashed value]', '974b9b'),
('A007', 'u136', '[hashed value]', 'e2c1d1'),
('A008', 'u137', '[hashed value]', '8fd0af'),
('A009', 'u123', '[hashed value]', 'b2e49c'),
('A010', 'u130', '[hashed value]', '1a5f3e'),
('A011', 'u139', '[hashed value]', 'c8a39d'),
('A012', 'u146', '[hashed value]', '7b0e2f'),
('A013', 'u147', '[hashed value]', '4d9ca1'),
('A014', 'u148', '[hashed value]', 'e7f826'),
('A015', 'u128', '[hashed value]', '3b6dca'),
('A016', 'u129', '[hashed value]', '0f5e77'),
('A017', 'u124', '[hashed value]', '2c81b4'),
('A018', 'u145', '[hashed value]', '9e4b6a'),
('A019', 'u141', '[hashed value]', '8a2fcd'),
('A020', 'u132', '[hashed value]', 'd9e7f3'),
('A021', 'u149', '[hashed value]', '6c3a91'),
('A022', 'u133', '[hashed value]', 'afb8e2'),
('A023', 'u134', '[hashed value]', '71d5c9'),
('A024', 'u135', '[hashed value]', '5bd6e8');

INSERT INTO Rental (RentalID, UserID, PartnerID, BikeID, Dates, StartTime, EndTime, TotalCost, PricePerHour, LateFeeStructure, WebsiteURL, ContractStartDate, ContractEndDate, DamageReport)
VALUES 
('RU232', 'u124', NULL, 'b123', '2020-12-12', '2020-12-12 07:00:00', '2020-12-12 17:30:00', 15, NULL, 'No late', NULL, '2024-01-01', '2025-12-31', 'no damage'),
('RU233', 'u122', NULL, 'b122', '2020-12-13', '2020-12-13 09:00:00', '2020-12-13 12:00:00', 20, NULL, 'No late', NULL, '2023-09-20', '2024-09-19', 'no damage'),
('RU234', 'u111', NULL, 'b111', '2020-12-14', '2020-12-14 10:30:00', '2020-12-14 15:30:00', 25, NULL, 'No late', NULL, '2023-10-06', '2024-10-04', 'no damage'),
('RU235', 'u125', NULL, 'b124', '2020-12-15', '2020-12-15 08:30:00', '2020-12-15 16:00:00', 18, NULL, 'No late', NULL, '2024-02-14', '2025-02-13', 'no damage'),
('RU236', 'u126', NULL, 'b125', '2020-12-16', '2020-12-16 11:00:00', '2020-12-16 18:00:00', 30, NULL, 'No late', NULL, '2024-03-10', '2025-03-09', 'no damage'),
('RU237', 'u127', NULL, 'b126', '2020-12-17', '2020-12-17 12:00:00', '2020-12-17 20:00:00', 24, NULL, 'No late', NULL, '2024-03-10', '2024-11-30', 'no damage'),
('RU238', 'u128', NULL, 'b127', '2020-12-18', '2020-12-18 14:00:00', '2020-12-18 21:30:00', 27, NULL, 'No late', NULL, '2024-08-05', '2025-08-04', 'no damage'),
('RU239', 'u129', NULL, 'b128', '2020-12-19', '2020-12-19 10:00:00', '2020-12-19 14:00:00', 22, NULL, 'No late', NULL, '2024-07-20', '2025-07-19', 'no damage'),
('RP230', NULL, 'p123', NULL, NULL, NULL, NULL, NULL, NULL, NULL, 'http://www.speedyautorental.com/ourinventory.html', '2024-01-01', '2025-12-31', NULL),
('RP231', NULL, 'p125', NULL, NULL, NULL, NULL, NULL, NULL, NULL, 'http://www.quickriderentals.com/catalog.html', '2023-09-20', '2024-09-19', NULL),
('RP232', NULL, 'p126', NULL, NULL, NULL, NULL, NULL, NULL, NULL, 'http://www.turbodrive.com/rentals.html', '2024-03-10', '2025-03-09', NULL),
('RP233', NULL, 'p127', NULL, NULL, NULL, NULL, NULL, NULL, NULL, 'http://www.zoomrentals.net/available.html', '2024-03-10', '2024-11-30', NULL),
('RP234', NULL, 'p128', NULL, NULL, NULL, NULL, NULL, NULL, NULL, 'http://www.velocityhire.com/rentals.html', '2024-08-05', '2025-08-04', NULL),
('RP235', NULL, 'p129', NULL, NULL, NULL, NULL, NULL, NULL, NULL, 'http://www.rapidlease.com/inventory.html', '2024-02-14', '2025-02-13', NULL),
('RP236', NULL, 'p130', NULL, NULL, NULL, NULL, NULL, NULL, NULL, 'http://www.swiftrides.com/rental.html', '2024-07-20', '2025-07-19', NULL),
('RP237', NULL, 'p131', NULL, NULL, NULL, NULL, NULL, NULL, NULL, 'http://www.expressrentals.net/catalog.html', '2024-04-15', '2025-04-14', NULL),
('RP238', NULL, 'p132', NULL, NULL, NULL, NULL, NULL, NULL, NULL, 'http://www.speedyautorental.com/ourinventory.html', '2024-01-10', '2025-01-08', NULL),
('RP239', NULL, 'p133', NULL, NULL, NULL, NULL, NULL, NULL, NULL, 'http://www.speedyautorental.com/ourinventory.html', '2023-10-06', '2024-10-04', NULL),
('RP240', NULL, 'p134', NULL, NULL, NULL, NULL, NULL, NULL, NULL, 'http://www.rapidlease.com/inventory.html', '2023-07-02', '2024-06-30', NULL),
('RP241', NULL, 'p135', NULL, NULL, NULL, NULL, NULL, NULL, NULL, 'http://www.rapidlease.com/inventory.html', '2023-03-28', '2024-03-26', NULL);

INSERT INTO Payment (PaymentID, Descriptions, PaymentMethod, Dates, TransactionID, Currency, Fees, RentalID)
VALUES 
('P00000001', 'Rental Bike ABC-123', 'Credit Card', '2024-04-20', 'TRXN-1234567890', 'USD', 2, 'RU232'),
('P00000002', 'Late Fee for Rental XYZ', 'Credit Card', '2024-04-21', 'TRXN-9876543210', 'USD', 5, 'RU233'),
('P00000003', 'Rental Bike ABC-647', 'Credit Card', '2024-04-22', 'RXN-879479548', 'USD', 3, 'RU234'),
('P00000004', 'Rental Bike AC-123', 'Credit Card', '2024-04-23', 'RXN-749759446', 'USD', 5, 'RU235'),
('P00000005', 'Rental Bike AC-124', 'Credit Card', '2024-04-24', 'RXN-849383900', 'USD', 6, 'RU236'),
('P00000006', 'Rental Bike AC-125', 'Credit Card', '2024-04-25', 'RXN-738438339', 'USD', 2, 'RU237'),
('P00000007', 'Rental Bike AC-126', 'Credit Card', '2024-04-26', 'RXN-438937390', 'USD', 4, 'RU238'),
('P00000008', 'Rental Bike AC-127', 'Credit Card', '2024-04-27', 'RXN-475839339', 'USD', 2, 'RU239'),
('P00000009', 'Rental Bike AC-128', 'Credit Card', '2024-04-28', 'RXN-389330383', 'USD', 3, 'RP230'),
('P00000010', 'Rental Bike AC-129', 'Credit Card', '2024-04-29', 'RXN-938038399', 'USD', 4, 'RP231'),
('P00000011', 'Rental Bike AC-130', 'Credit Card', '2024-04-30', 'RXN-527237268', 'USD', 4, 'RP232');

INSERT INTO RequiredDocuments (TypeID, DocumentName, Purpose, PartnerID)
VALUES
('T123', 'Driver''s License', 'Renting a Bike', 'p123'),
('T124', 'ID card', 'Renting a Bike', 'p124'),
('T125', 'Driver''s License', 'Partnering with the Rental Service', 'p125'),
('T126', 'Driver''s License', 'Partnering with the Rental Service', 'p126'),
('T127', 'Passport', 'Renting a Bike', 'p127'),
('T128', 'Driver''s License', 'Renting a Bike', 'p128'),
('T129', 'Driver''s License', 'Partnering with the Rental Service', 'p129'),
('T130', 'Passport', 'Renting a Bike', 'p130'),
('T131', 'ID card', 'Renting a Bike', 'p131'),
('T132', 'Driver''s License', 'Partnering with the Rental Service', 'p132'),
('T133', 'Driver''s License', 'Renting a Bike', 'p133'),
('T134', 'Passport', 'Renting a Bike', 'p134'),
('T135', 'ID card', 'Partnering with the Rental Service', 'p135'),
('T136', 'Driver''s License', 'Renting a Bike', 'p136'),
('T137', 'Driver''s License', 'Renting a Bike', 'p137'),
('T138', 'Passport', 'Partnering with the Rental Service', 'p138'),
('T139', 'ID card', 'Renting a Bike', 'p139'),
('T140', 'Driver''s License', 'Renting a Bike', 'p140'),
('T141', 'Driver''s License', 'Partnering with the Rental Service', 'p141'),
('T142', 'Passport', 'Renting a Bike', 'p142'),
('T143', 'Driver''s License', 'Partnering with the Rental Service', 'p143'),
('T144', 'Passport', 'Renting a Bike', 'p144'),
('T145', 'Driver''s License', 'Partnering with the Rental Service', 'p145'),
('T146', 'Passport', 'Renting a Bike', 'p146'),
('T147', 'Driver''s License', 'Partnering with the Rental Service', 'p147');

INSERT INTO AuthenticationForPartner (AuthID, PartnerID, PasswordHash, Salt)
VALUES
('1001', 'p123', '[hashed value]', '7a9e3c2f'),
('1002', 'p125', '[hashed value]', 'b1d8f5e2'),
('1003', 'p126', '[hashed value]', '3f2c9e8b'),
('1004', 'p127', '[hashed value]', 'a2sc4e9j'),
('1005', 'p128', '[hashed value]', 'k3sc9kcs'),
('1006', 'p129', '[hashed value]', 'k303ldki'),
('1007', 'p130', '[hashed value]', 'sa02d9k'),
('1008', 'p131', '[hashed value]', '9l2sx28k');

