INSERT INTO Users (UserID, Username, Email, Phone, Address) VALUES
('u124', 'johndoe', 'johndoe@email.com', '123-456-7890', '123 Main St, Anytown USA'),
('u122', 'janesmith', 'janesmith@email.com', '555-123-4567', '456 Elm St, Anytown USA'),
('u111', 'awesomebiker', 'awesomebiker@email.com', '987-654-3210', '789 Oak St, Anytown USA'),
('u125', 'alicejones', 'alicejones@email.com', '415-123-4567', '789 Pine St, Anytown USA'),
('u126', 'bobbrown', 'bobbrown@email.com', '619-987-6543', '123 Maple Ave, Springfield USA'),
('u127', 'emilygreen', 'emilygreen@email.com', '212-555-7890', '456 Oak St, Rivertown USA'),
('u128', 'davidwhite', 'davidwhite@email.com', '713-333-4444', '789 Pine St, Lakeside USA'),
('u129', 'sarahblack', 'sarahblack@email.com', '917-888-7777', '101 Elm St, Hilltop USA'),
('u130', 'samualpark', 'samualpark@email.com', '305-666-1234', '222 Cedar St, Meadowville USA'),
('u131', 'esterchang', 'esterchang@email.com', '206-999-5555', '333 Birch Ave, Brookside USA'),
('u132', 'emilyjohnson', 'emily.j@email.com', '312-777-8888', '444 Walnut St, Mountainview USA'),
('u133', 'ethanfds', 'ethanfds@example.com', '404-321-8765', '555 Cherry St, Oceanview USA'),
('u134', 'harper', 'harper@example.com', '503-555-4321', '666 Willow Ave, Greentown USA'),
('u135', 'oliver', 'oliver@example.com', '818-222-3333', '777 Sycamore St, Fairview USA'),
('u136', 'evelyn', 'evelyn@example.com', '415-777-8888', '888 Magnolia Ave, Valleytown USA'),
('u137', 'mason', 'mason@example.com', '212-333-4444', '999 Cedar St, Sunset USA'),
('u138', 'amelia', 'amelia@example.com', '713-555-6666', '111 Maple Ave, Hillcrest USA'),
('u139', 'elijah', 'elijah@example.com', '619-444-3333', '222 Elm St, Riverside USA'),
('u140', 'charlotte', 'charlotte@example.com', '305-888-9999', '333 Oak St, Parkview USA'),
('u141', 'logan', 'logan@example.com', '206-777-8888', '444 Pine St, Lakeview USA'),
('u142', 'desakira', 'desakira@example.com', '312-555-6666', '555 Birch Ave, Orchard USA'),
('u143', 'ahara', 'ahara@example.com', '404-999-8888', '666 Cedar St, Springtown USA'),
('u144', 'mokiry', 'mokiry@example.com', '503-777-6666', '777 Maple Ave, Meadowview USA'),
('u145', 'asophia', 'asophia@example.com', '111-222-3333', '888 Elm St, Hillside USA');

INSERT INTO Bike (BikeID, Model, Years, Conditions, Availability, PhotoURL) VALUES
('b123', 'BMX', 2019, 'good', 'Available', 'no'),
('b122', 'BMW', 2022, 'bad', 'Available', 'no'),
('b111', 'BZ', 2017, 'bad', 'Unavailable', 'no'),
('b124', 'Trek', 2020, 'good', 'Available', 'no'),
('b125', 'Model', 2021, 'excellent', 'Available', 'no'),
('b126', 'BMX', 2017, 'fair', 'Available', 'no'),
('b127', 'BMW', 2019, 'good', 'Unavailable', 'no'),
('b128', 'BZ', 2018, 'excellent', 'Available', 'no'),
('b129', 'Trek', 2020, 'good', 'Available', 'no'),
('b130', 'Giant', 2022, 'bad', 'Available', 'no'),
('b131', 'Scott', 2016, 'good', 'Unavailable', 'no'),
('b132', 'Fuji', 2023, 'excellent', 'Available', 'no'),
('b133', 'Cannondale', 2018, 'fair', 'Available', 'no'),
('b134', 'Specialized', 2020, 'good', 'Available', 'no'),
('b135', 'Raleigh', 2016, 'excellent', 'Unavailable', 'no'),
('b136', 'Bianchi', 2021, 'bad', 'Available', 'no'),
('b137', 'Schwinn', 2017, 'good', 'Available', 'no'),
('b138', 'Orbea', 2023, 'good', 'Available', 'no'),
('b139', 'Canyon', 2019, 'excellent', 'Unavailable', 'no'),
('b140', 'Merida', 2018, 'fair', 'Available', 'no'),
('b141', 'Pinarello', 2022, 'good', 'Available', 'no'),
('b142', 'Santa Cruz', 2017, 'excellent', 'Available', 'no'),
('b143', 'Yeti', 2020, 'bad', 'Unavailable', 'no'),
('b144', 'Focus', 2019, 'bad', 'Available', 'no');

INSERT INTO Partner (PartnerID, Username, ContactEmail, ContactPhone, StreetAddress, PartnerName, District, Province, PostalCode) VALUES
('p123', 'speedyrentals', 'speedyrentals@gmail.com', '456-789-0123', 'st1972', 'Bikey1', 'District1', 'Siemreap', '1630'),
('p124', 'quickride', 'quickride@gmail.com', '123-456-7890', 'st1973', 'Bikey2', 'District2', 'Siemreap', '1631'),
('p125', 'turbodydrive', 'turbodydrive@gmail.com', '987-654-3210', 'st1974', 'Bikey3', 'District3', 'Siemreap', '1632'),
('p126', 'zoomrentals', 'zoomrentals@gmail.com', '654-321-0987', 'st1975', 'Bikey4', 'District4', 'Siemreap', '1633'),
('p127', 'velocityhire', 'velocityhire@gmail.com', '321-098-7654', 'st1976', 'Bikey5', 'District5', 'Siemreap', '1634'),
('p128', 'rapidlease', 'rapidlease@gmail.com', '789-456-1230', 'st1977', 'Bikey6', 'District6', 'Siemreap', '1635'),
('p129', 'swiftrides', 'swiftrides@gmail.com', '456-789-0123', 'st1978', 'Bikey7', 'District7', 'Siemreap', '1636'),
('p130', 'expressrentals', 'expressrentals@gmail.com', '789-012-3456', 'st1979', 'Bikey8', 'District8', 'Siemreap', '1637'),
('p131', 'fasttrackauto', 'fasttrackauto@gmail.com', '147-258-3690', 'st1980', 'Bikey9', 'District9', 'Siemreap', '1638'),
('p132', 'rapidwheels', 'rapidwheels@gmail.com', '258-369-1470', 'st1981', 'Bikey10', 'District10', 'Siemreap', '1639'),
('p133', 'swiftwheels', 'swiftwheels@gmail.com', '369-147-2580', 'st1982', 'Bikey11', 'District11', 'Siemreap', '1640'),
('p134', 'velocitycars', 'velocitycars@gmail.com', '963-852-7410', 'st1983', 'Bikey12', 'District12', 'Siemreap', '1641'),
('p135', 'quickhire', 'quickhire@gmail.com', '852-741-9630', 'st1984', 'Bikey13', 'District13', 'Siemreap', '1642'),
('p136', 'zoomwheels', 'zoomwheels@gmail.com', '741-963-8520', 'st1985', 'Bikey14', 'District14', 'Siemreap', '1643'),
('p137', 'speedylease', 'speedylease@gmail.com', '159-357-2460', 'st1986', 'Bikey15', 'District15', 'Siemreap', '1644'),
('p138', 'rapidride', 'rapidride@gmail.com', '357-246-1590', 'st1987', 'Bikey16', 'District16', 'Siemreap', '1645'),
('p139', 'quickdrive', 'quickdrive@gmail.com', '246-159-3570', 'st1988', 'Bikey17', 'District17', 'Siemreap', '1646'),
('p140', 'turbohire', 'turbohire@gmail.com', '123-123-1230', 'st1989', 'Bikey18', 'District18', 'Siemreap', '1647'),
('p141', 'swiftdrive', 'swiftdrive@gmail.com', '456-456-4560', 'st1990', 'Bikey19', 'District19', 'Siemreap', '1648'),
('p142', 'expresswheels', 'expresswheels@gmail.com', '789-789-7890', 'st1991', 'Bikey20', 'District20', 'Siemreap', '1649'),
('p143', 'speedywheels', 'speedywheels@gmail.com', '000-111-2220', 'st1992', 'Bikey21', 'District21', 'Siemreap', '1650'),
('p144', 'quicklease', 'quicklease@gmail.com', '333-444-5550', 'st1993', 'Bikey22', 'District22', 'Siemreap', '1651'),
('p145', 'rapiddrive', 'rapiddrive@gmail.com', '666-777-8880', 'st1994', 'Bikey23', 'District23', 'Siemreap', '1652'),
('p146', 'velocityrentals', 'velocityrentals@gmail.com', '999-888-7770', 'st1995', 'Bikey24', 'District24', 'Siemreap', '1653'),
('p147', 'turboride', 'turboride@gmail.com', '222-555-8880', 'st1996', 'Bikey25', 'District25', 'Siemreap', '1654');


INSERT INTO AuthenticationForUser (AuthID, UserID, PasswordHash, Salt)
 VALUES 
 ('A001', 'u124', '[hashed value]', '5a8d78'),
 ('A002', 'u122', '[hashed value]', '6f457d'),
 ('A003', 'u111', '[hashed value]', 'd36e29'),
 ('A004', 'u125', '[hashed value]', 'a9bc42'),
 ('A005', 'u126', '[hashed value]', 'f3dc88'),
 ('A006', 'u127', '[hashed value]', '974b9b'),
 ('A007', 'u128', '[hashed value]', 'e2c1d1'),
 ('A008', 'u129', '[hashed value]', '8fd0af'),
 ('A009', 'u130', '[hashed value]', 'b2e49c'),  
 ('A010', 'u131', '[hashed value]', '1a5f3e'),  
 ('A011', 'u132', '[hashed value]', 'c8a39d'), 
 ('A012', 'u133', '[hashed value]', '7b0e2f'),  
 ('A013', 'u134', '[hashed value]', '4d9ca1'),  
 ('A014', 'u135', '[hashed value]', 'e7f826'),  
 ('A016', 'u137', '[hashed value]', '0f5e77'), 
 ('A017', 'u138', '[hashed value]', '2c81b4'),  
 ('A018', 'u139', '[hashed value]', '9e4b6a'),  
 ('A019', 'u140', '[hashed value]', '8a2fcd'),  
 ('A020', 'u141', '[hashed value]', 'd9e7f3'),  
 ('A021', 'u142', '[hashed value]', '6c3a91'),  
 ('A022', 'u143', '[hashed value]', 'afb8e2'),  
 ('A024', 'u145', '[hashed value]', '5bd6e8'); 


INSERT INTO Rental (RentalID, UserID, PartnerID, BikeID, Dates, StartTime, EndTime, TotalCost, PricePerHour, LateFeeStructure, WebsiteURL, DamageReport, ContractStartDate, ContractEndDate)
VALUES 
('R232', 'u124', 'p123', 'b123', '2020-12-12', '2020-12-12 07:00:00', '2020-12-12 17:30:00', 15.00, NULL, 'None', NULL, NULL, '2024-01-10', '2025-01-08'),
('R233', 'u122', 'p124', 'b122', '2020-12-13', '2020-12-13 09:00:00', '2020-12-13 12:00:00', 20.00, NULL, 'None', NULL, NULL, NULL, NULL),
('R234', 'u111', 'p125', 'b111', '2020-12-14', '2020-12-14 10:30:00', '2020-12-14 15:30:00', 25.00, NULL, 'None', NULL, NULL, NULL, NULL),
('R235', 'u125', 'p126', 'b124', '2020-12-15', '2020-12-15 08:30:00', '2020-12-15 16:00:00', 18.00, NULL, 'None', NULL, NULL, NULL, NULL),
('R236', 'u126', 'p127', 'b125', '2020-12-16', '2020-12-16 11:00:00', '2020-12-16 18:00:00', 30.00, NULL, 'None', NULL, NULL, NULL, NULL),
('R237', 'u127', 'p128', 'b126', '2020-12-17', '2020-12-17 12:00:00', '2020-12-17 20:00:00', 24.00, NULL, 'None', NULL, NULL, NULL, NULL),
('R238', 'u128','p129', 'b127', '2020-12-18', '2020-12-18 14:00:00', '2020-12-18 21:30:00', 27.00, NULL, 'None', NULL, NULL, NULL, NULL),
('R239','u129', 'p130', 'b128', '2020-12-19', '2020-12-19 10:00:00', '2020-12-19 14:00:00', 22.00, NULL, 'None', 'http://www.swiftrides.com/rental.html', NULL, '2024-01-10', '2025-01-08'),
('R240', 'u130', 'p131', 'b129', '2020-12-20', '2020-12-20 09:00:00', '2020-12-20 16:00:00', 35.00, NULL, 'None', 'http://www.expressrentals.net/catalog.html', NULL, '2024-10-06', '2025-10-04'),
('R241', 'u131', 'p132', 'b130', '2020-12-21', '2020-12-21 08:30:00', '2020-12-21 17:00:00', 40.00, NULL, 'None', 'http://www.speedyautorental.com/ourinventory.html', NULL, '2023-07-02', '2024-06-30'),
('R242', 'u132', 'p133', 'b131', '2020-12-22', '2020-12-22 11:00:00', '2020-12-22 19:00:00', 32.00, NULL, 'None', 'http://www.rapidlease.com/inventory.html', NULL, '2023-03-28', '2024-03-26'),
('R243', 'u133', 'p134', 'b132', '2020-12-23', '2020-12-23 08:00:00', '2020-12-23 16:00:00', 28.00, NULL, 'None', 'http://www.velocityhire.com/rentals.html', NULL, '2024-05-12', '2025-05-11'),
('R244', 'u134', 'p135', 'b133', '2020-12-24', '2020-12-24 10:00:00', '2020-12-24 15:30:00', 26.00, NULL, 'None', 'http://www.rapidlease.com/inventory.html', NULL, '2024-07-02', '2025-07-01'),
('R245', 'u135', 'p136', 'b134', '2020-12-25', '2020-12-25 11:30:00', '2020-12-25 19:00:00', 31.00, NULL, 'None', 'http://www.swiftrides.com/rental.html', NULL, '2024-04-15', '2025-04-14'),
('R246', 'u136', 'p137', 'b135', '2020-12-26', '2020-12-26 12:00:00', '2020-12-26 18:30:00', 27.00, NULL, 'None', 'http://www.expressrentals.net/catalog.html', NULL, '2024-01-10', '2025-01-08'),
('R247', 'u137', 'p138', 'b136', '2020-12-27', '2020-12-27 09:30:00', '2020-12-27 16:00:00', 33.00, NULL, 'None', 'http://www.velocityhire.com/rentals.html', NULL, '2024-10-06', '2025-10-04'),
('R248', 'u139', 'p139', 'b137', '2020-12-28', '2020-12-28 08:00:00', '2020-12-28 14:00:00', 29.00, NULL, 'None', 'http://www.turbodrive.com/rentals.html', NULL, '2023-07-02', '2024-06-30'),
('R249', 'u140', 'p140', 'b138', '2020-12-29', '2020-12-29 09:00:00', '2020-12-29 16:00:00', 32.00, NULL, 'None', 'http://www.turbodrive.com/rentals.html', NULL, '2024-01-10', '2025-01-08'),
('R250', 'u141', 'p141', 'b139', '2020-12-30', '2020-12-30 10:30:00', '2020-12-30 15:30:00', 25.00, NULL, 'None', 'http://www.rapidlease.com/inventory.html', NULL, '2024-10-06', '2025-10-04'),
('R251', 'u142', 'p142', 'b140', '2020-12-31', '2020-12-31 08:30:00', '2020-12-31 17:00:00', 40.00, NULL, 'None', 'http://www.velocityhire.com/rentals.html', NULL, '2023-07-02', '2024-06-30'),
('R252', 'u143', 'p143', 'b141', '2021-01-01', '2021-01-01 11:00:00', '2021-01-01 19:00:00', 32.00, NULL, 'None', 'http://www.speedyautorental.com/ourinventory.html', NULL, '2023-03-28', '2024-03-26'),
('R253', 'u144', 'p144', 'b142', '2021-01-02', '2021-01-02 08:00:00', '2021-01-02 16:00:00', 28.00, NULL, 'None', 'http://www.expressrentals.net/catalog.html', NULL, '2024-05-12', '2025-05-11'),
('R254', 'u145', 'p145', 'b143', '2021-01-03', '2021-01-03 10:00:00', '2021-01-03 15:30:00', 26.00, NULL, 'None', 'http://www.swiftrides.com/rental.html', NULL, '2024-07-02', '2025-07-01');


INSERT INTO Payment (PaymentID, Descriptions, PaymentMethod, Dates, TransactionID, Currency, Fees, RentalID)
VALUES 
('P00000001', 'Rental Bike ABC-123', 'Credit Card', '2024-04-20', 'TRXN-1234567890', 'USD', 2, 'R232'),
('P00000002', 'Late Fee for Rental XYZ', 'Credit Card', '2024-04-21', 'TRXN-9876543210', 'USD', 5, 'R233'),
('P00000003', 'Rental Bike ABC-647', 'Credit Card', '2024-04-22', 'RXN-879479548', 'USD', 3, 'R234'),
('P00000004', 'Rental Bike AC-123', 'Credit Card', '2024-04-23', 'RXN-749759446', 'USD', 5, 'R235'),
('P00000005', 'Rental Bike AC-124', 'Credit Card', '2024-04-24', 'RXN-849383900', 'USD', 6, 'R236'),
('P00000006', 'Rental Bike AC-125', 'Credit Card', '2024-04-25', 'RXN-738438339', 'USD', 2, 'R237'),
('P00000007', 'Rental Bike AC-126', 'Credit Card', '2024-04-26', 'RXN-438937390', 'USD', 4, 'R238'),
('P00000008', 'Rental Bike AC-127', 'Credit Card', '2024-04-27', 'RXN-475839339', 'USD', 2, 'R239'),
('P00000009', 'Rental Bike AC-128', 'Credit Card', '2024-04-28', 'RXN-389330383', 'USD', 3, 'R240'),
('P00000010', 'Rental Bike AC-129', 'Credit Card', '2024-04-29', 'RXN-938038399', 'USD', 4, 'R241'),
('P00000011', 'Rental Bike AC-130', 'Credit Card', '2024-04-30', 'RXN-527237268', 'USD', 4, 'R242'),
('P00000012', 'Rental Bike AC-131', 'Credit Card', '2024-05-01', 'RXN-628372639', 'USD', 3, 'R243'),
('P00000013', 'Rental Bike AC-132', 'Credit Card', '2024-05-02', 'RXN-827364829', 'USD', 5, 'R244'),
('P00000014', 'Rental Bike AC-133', 'Credit Card', '2024-05-03', 'RXN-937475939', 'USD', 4, 'R245'),
('P00000015', 'Rental Bike AC-134', 'Credit Card', '2024-05-04', 'RXN-047575849', 'USD', 6, 'R246'),
('P00000016', 'Rental Bike AC-135', 'Credit Card', '2024-05-05', 'RXN-157676759', 'USD', 3, 'R247'),
('P00000017', 'Rental Bike AC-136', 'Credit Card', '2024-05-06', 'RXN-267777869', 'USD', 5, 'R248'),
('P00000018', 'Late Fee for Rental XYZ', 'Credit Card', '2024-05-07', 'TRXN-1234567891', 'USD', 8, 'R249'),
('P00000019', 'Rental Bike ABC-648', 'Credit Card', '2024-05-08', 'RXN-879479549', 'USD', 3, 'R250'),
('P00000020', 'Rental Bike AC-130', 'Credit Card', '2024-05-09', 'RXN-749759447', 'USD', 5, 'R251'),
('P00000021', 'Rental Bike AC-131', 'Credit Card', '2024-05-10', 'RXN-849383901', 'USD', 6, 'R252'),
('P00000022', 'Rental Bike AC-132', 'Credit Card', '2024-05-11', 'RXN-738438340', 'USD', 2, 'R253'),
('P00000023', 'Rental Bike AC-133', 'Credit Card', '2024-05-12', 'RXN-438937391', 'USD', 4, 'R254');

INSERT INTO RequiredDocuments (TypeID, DocumentName, Purpose, PartnerID) VALUES 
('TD001', 'Driver License', 'Identification', 'p123'),
('TD002', 'Proof of Address', 'Verification', 'p124'),
('TD003', 'Insurance Certificate', 'Insurance', 'p125'),
('TD004', 'Business License', 'Registration', 'p126'),
('TD005', 'Credit Card Authorization Form', 'Payment', 'p127'),
('TD006', 'Rental Agreement', 'Legal', 'p128'),
('TD007', 'Identity Card', 'Identification', 'p129'),
('TD008', 'Utility Bill', 'Verification', 'p130'),
('TD009', "Passport", "Identification", 'p131'),
('TD010', "Proof of Income", 'Verification', 'p132'),
('TD011', 'Vehicle Registration', 'Insurance', 'p133'),
('TD012', "Driver License", 'Identification', 'p134'),
('TD013', 'Tax Identification Number', 'Registration', 'p135'),
('TD014', 'Insurance Policy', 'Insurance', 'p136'),
('TD015', 'Photo ID', 'Identification', 'p137'),
('TD016', 'Bank Statement', 'Verification', 'p138'),
('TD017', 'Lease Agreement', 'Legal', 'p139'),
('TD018', 'Vehicle Inspection Report', 'Insurance', 'p140'),
('TD019', 'Social Security Card', 'Identification', 'p141'),
('TD020', 'Proof of Address', 'Verification', 'p142'),
('TD021', 'Business Permit', 'Registration', 'p143'),
('TD022', 'Certificate of Incorporation', 'Registration', 'p144'),
('TD023', 'Credit History Report', 'Verification', 'p145');


INSERT INTO AuthenticationForPartner (AuthID, PartnerID, Username, PasswordHash, Salt) VALUES
('A000001', 'p123', 'partner123', '3c7b4a0c68776c8a', 'f5e54321'),
('A000002', 'p124', 'partner124', '8d9e90a7e19c625b', 'a3bdf876'),
('A000003', 'p125', 'partner125', 'f6a2e4b82c9d17e5', 'e9cda548'),
('A000004', 'p126', 'partner126', 'b41e24a1f3d9b0ac', 'b8a9e674'),
('A000005', 'p127', 'partner127', '69c098fb26a1e37d', 'c7b5d324'),
('A000006', 'p128', 'partner128', '10d2c8f7e6a34b98', 'a2c6e3f7'),
('A000007', 'p129', 'partner129', 'b9c5a1e8d7f0a6b3', 'f2e4d5c6'),
('A000008', 'p130', 'partner130', '0a1b2c3d4e5f6a7b', 'c8e9f2a3'),
('A000009', 'p131', 'partner131', 'a1b2c3d4e5f6a7b8', 'd9e8f7a6'),
('A000010', 'p132', 'partner132', 'b2c3d4e5f6a7b8c9', 'e7f8a9d6'),
('A000011', 'p133', 'partner133', 'c3d4e5f6a7b8c9d0', 'f8a9b0c1'),
('A000012', 'p134', 'partner134', 'd4e5f6a7b8c9d0e1', 'a2b3c4d5'),
('A000013', 'p135', 'partner135', 'e5f6a7b8c9d0e1f2', 'b3c4d5e6'),
('A000014', 'p136', 'partner136', 'f6a7b8c9d0e1f2a3', 'c4d5e6f7'),
('A000015', 'p137', 'partner137', 'a7b8c9d0e1f2a3b4', 'd5e6f7a8'),
('A000016', 'p138', 'partner138', 'b8c9d0e1f2a3b4c5', 'e6f7a8b9'),
('A000017', 'p139', 'partner139', 'c9d0e1f2a3b4c5d6', 'f7a8b9c0'),
('A000018', 'p140', 'partner140', 'd0e1f2a3b4c5d6e7', 'a8b9c0d1'),
('A000019', 'p141', 'partner141', 'e1f2a3b4c5d6e7f8', 'b9c0d1e2'),
('A000020', 'p142', 'partner142', 'f2a3b4c5d6e7f8a9', 'c0d1e2f3'),
('A000021', 'p143', 'partner143', 'a3b4c5d6e7f8a9b0', 'd1e2f3a4'),
('A000022', 'p144', 'partner144', 'b4c5d6e7f8a9b0c1', 'e2f3a4b5'),
('A000023', 'p145', 'partner145', 'c5d6e7f8a9b0c1d2', 'f3a4b5c6'),
('A000024', 'p146', 'partner146', 'd6e7f8a9b0c1d2e3', 'a4b5c6d7'),
('A000025', 'p147', 'partner147', 'e7f8a9b0c1d2e3f4', 'b5c6d7e8');
